"YEAR","MONTH","AIRLINE_ID","UNIQUE_CARRIER","UNIQUE_CARRIER_NAME","CARRIER","CARRIER_NAME","CARRIER_GROUP","CARRIER_GROUP_NEW","EMPFULL","EMPPART","EMPTOTAL","EMPFTE",
2020,4,21161,"09Q","Swift Air, LLC d/b/a Eastern Air Lines d/b/a Eastern","09Q","Swift Air, LLC d/b/a Eastern Air Lines d/b/a Eastern",2,2,563,29,592,578,
2020,4,21352,"0WQ","Avjet Corporation","0WQ","Avjet Corporation",1,1,160,0,160,160,
2020,4,21492,"1BQ","Eastern Airlines f/k/a Dynamic Airways, LLC","1BQ","Eastern Airlines f/k/a Dynamic Airways, LLC",1,1,146,0,146,146,
2020,4,21518,"1EQ","KaiserAir, Inc.","1EQ","KaiserAir, Inc.",1,4,39,29,68,54,
2020,4,21577,"1TQ","Rhoades Aviation dba Transair","1TQ","Rhoades Aviation dba Transair",1,1,136,33,169,153,
2020,4,21652,"27Q","Jet Aviation Flight Services, Inc.","27Q","Jet Aviation Flight Services, Inc.",1,1,605,0,605,605,
2020,4,21712,"2HQ","Elite Airways LLC","2HQ","Elite Airways LLC",2,2,55,5,60,58,
2020,4,21754,"2PQ","21 Air LLC","2PQ","21 Air LLC",1,4,68,0,68,68,
2020,4,21854,"34Q","Polaris Aviation Solutions, LLC","34Q","Polaris Aviation Solutions, LLC",1,4,27,15,42,35,
2020,4,21875,"37Q","Hillwood Airways, LLC  f/k/a   ATX Air Services, LLC","37Q","Hillwood Airways, LLC  f/k/a   ATX Air Services, LLC",1,4,41,1,42,42,
2020,4,21974,"3EQ","Scott Aviation, LLC  d/b/a  Silver Air","3EQ","Scott Aviation, LLC  d/b/a  Silver Air",1,1,72,0,72,72,
2020,4,20401,"3M","Silver Airways","3M","Silver Airways",1,1,790,95,885,838,
2020,4,20408,"5V","Tatonduk Outfitters Limited d/b/a Everts Air Alaska and Everts Air Cargo","5V","Tatonduk Outfitters Limited d/b/a Everts Air Alaska and Everts Air Cargo",1,1,278,64,342,310,
2020,4,19917,"5X","United Parcel Service","5X","United Parcel Service",3,3,6155,124,6279,6217,
2020,4,20007,"5Y","Atlas Air Inc.","5Y","Atlas Air Inc.",3,3,3151,6,3157,3154,
2020,4,19874,"8C","Air Transport International","8C","Air Transport International",2,2,846,0,846,846,
2020,4,20363,"9E","Endeavor Air Inc.","9E","Endeavor Air Inc.",2,2,4439,92,4531,4485,
2020,4,20190,"9S","Southern Air Inc.","9S","Southern Air Inc.",2,2,454,0,454,454,
2020,4,19805,"AA","American Airlines Inc.","AA","American Airlines Inc.",3,3,97083,11496,108579,102831,
2020,4,20453,"ABX","ABX Air Inc","ABX","ABX Air Inc",2,2,462,2,464,463,
2020,4,20201,"AMQ","Ameristar Air Cargo","AMQ","Ameristar Air Cargo",1,4,24,0,24,24,
2020,4,19930,"AS","Alaska Airlines Inc.","AS","Alaska Airlines Inc.",3,3,15840,2010,17850,16845,
2020,4,20409,"B6","JetBlue Airways","B6","JetBlue Airways",3,3,16756,4778,21534,19145,
2020,4,21167,"CP","Compass Airlines","CP","Compass Airlines",2,2,917,0,917,917,
2020,4,19790,"DL","Delta Air Lines Inc.","DL","Delta Air Lines Inc.",3,3,57498,4512,62010,59754,
2020,4,20366,"EV","ExpressJet Airlines LLC","EV","ExpressJet Airlines LLC",2,2,2986,16,3002,2994,
2020,4,20436,"F9","Frontier Airlines Inc.","F9","Frontier Airlines Inc.",3,3,5090,63,5153,5122,
2020,4,20107,"FX","Federal Express Corporation","FX","Federal Express Corporation",3,3,180509,62769,243278,211894,
2020,4,20368,"G4","Allegiant Air","G4","Allegiant Air",3,3,4084,413,4497,4291,
2020,4,20500,"G7","GoJet Airlines LLC d/b/a United Express","G7","GoJet Airlines LLC d/b/a United Express",2,2,908,0,908,908,
2020,4,20166,"GFQ","Gulf And Caribbean Cargo","GFQ","Gulf And Caribbean Cargo",1,1,116,0,116,116,
2020,4,19690,"HA","Hawaiian Airlines Inc.","HA","Hawaiian Airlines Inc.",3,3,6065,1411,7476,6771,
2020,4,20370,"KAQ","Kalitta Air LLC","KAQ","Kalitta Air LLC",3,3,1998,7,2005,2002,
2020,4,21629,"KD","Western Global","KD","Western Global",2,2,364,2,366,365,
2020,4,21634,"KH","Aloha Air Cargo","KH","Aloha Air Cargo",2,2,343,65,408,376,
2020,4,20372,"KLQ","Kalitta Charters II","KLQ","Kalitta Charters II",1,1,150,0,150,150,
2020,4,20169,"L2","Lynden Air Cargo Airlines","L2","Lynden Air Cargo Airlines",2,2,212,1,213,213,
2020,4,20151,"M6","Amerijet International","M6","Amerijet International",2,2,669,0,669,669,
2020,4,20398,"MQ","Envoy Air","MQ","Envoy Air",3,3,12383,4384,16767,14575,
2020,4,20405,"N8","National Air Cargo Group Inc d/ba National Airlines","N8","National Air Cargo Group Inc d/ba National Airlines",2,2,200,0,200,200,
2020,4,20108,"NC","Northern Air Cargo Inc.","NC","Northern Air Cargo Inc.",1,1,396,4,400,398,
2020,4,20416,"NK","Spirit Air Lines","NK","Spirit Air Lines",3,3,8864,340,9204,9034,
2020,4,20397,"OH","PSA Airlines Inc.","OH","PSA Airlines Inc.",2,2,4301,5,4306,4304,
2020,4,20304,"OO","SkyWest Airlines Inc.","OO","SkyWest Airlines Inc.",3,3,15092,5009,20101,17597,
2020,4,20177,"PFQ","Asia Pacific","PFQ","Asia Pacific",1,1,61,1,62,62,
2020,4,21402,"PM","Prescott Support Company, Inc.","PM","Prescott Support Company, Inc.",1,4,20,25,45,33,
2020,4,20100,"PO","Polar Air Cargo Airways","PO","Polar Air Cargo Airways",3,3,227,0,227,227,
2020,4,19687,"QX","Horizon Air","QX","Horizon Air",2,2,3361,943,4304,3833,
2020,4,19998,"SI","Sierra Pacific Airlines","SI","Sierra Pacific Airlines",1,4,14,29,43,29,
2020,4,20422,"SY","Sun Country Airlines d/b/a MN Airlines","SY","Sun Country Airlines d/b/a MN Airlines",2,2,1553,71,1624,1589,
2020,4,20447,"U7","USA Jet Airlines Inc.","U7","USA Jet Airlines Inc.",2,2,380,0,380,380,
2020,4,19977,"UA","United Air Lines Inc.","UA","United Air Lines Inc.",3,3,78370,8999,87369,82870,
2020,4,20195,"WI","Sky Lease Cargo","WI","Sky Lease Cargo",2,2,280,55,335,308,
2020,4,20310,"WL","Caribbean Sun Airlines, Inc. d/b/a World Atlantic Airlines","WL","Caribbean Sun Airlines, Inc. d/b/a World Atlantic Airlines",1,1,174,5,179,177,
2020,4,19393,"WN","Southwest Airlines Co.","WN","Southwest Airlines Co.",3,3,59866,2325,62191,61029,
2020,4,20377,"X9","Omni Air International LLC","X9","Omni Air International LLC",2,2,1087,2,1089,1088,
2020,4,20207,"XP","XTRA Airways","XP","XTRA Airways",1,4,20,8,28,24,
2020,4,20378,"YV","Mesa Airlines Inc.","YV","Mesa Airlines Inc.",2,2,3337,19,3356,3347,
2020,4,20452,"YX","Republic Airline","YX","Republic Airline",3,3,6018,328,6346,6182,
2020,5,21161,"09Q","Swift Air, LLC d/b/a Eastern Air Lines d/b/a Eastern","09Q","Swift Air, LLC d/b/a Eastern Air Lines d/b/a Eastern",2,2,508,29,537,523,
2020,5,21352,"0WQ","Avjet Corporation","0WQ","Avjet Corporation",1,1,144,0,144,144,
2020,5,21492,"1BQ","Eastern Airlines f/k/a Dynamic Airways, LLC","1BQ","Eastern Airlines f/k/a Dynamic Airways, LLC",1,1,166,0,166,166,
2020,5,21518,"1EQ","KaiserAir, Inc.","1EQ","KaiserAir, Inc.",1,4,39,29,68,54,
2020,5,21577,"1TQ","Rhoades Aviation dba Transair","1TQ","Rhoades Aviation dba Transair",1,1,137,34,171,154,
2020,5,21652,"27Q","Jet Aviation Flight Services, Inc.","27Q","Jet Aviation Flight Services, Inc.",1,1,605,0,605,605,
2020,5,21712,"2HQ","Elite Airways LLC","2HQ","Elite Airways LLC",2,2,54,11,65,60,
2020,5,21754,"2PQ","21 Air LLC","2PQ","21 Air LLC",1,4,68,0,68,68,
2020,5,21854,"34Q","Polaris Aviation Solutions, LLC","34Q","Polaris Aviation Solutions, LLC",1,4,27,15,42,35,
2020,5,21875,"37Q","Hillwood Airways, LLC  f/k/a   ATX Air Services, LLC","37Q","Hillwood Airways, LLC  f/k/a   ATX Air Services, LLC",1,4,44,1,45,45,
2020,5,21974,"3EQ","Scott Aviation, LLC  d/b/a  Silver Air","3EQ","Scott Aviation, LLC  d/b/a  Silver Air",1,1,84,0,84,84,
2020,5,20401,"3M","Silver Airways","3M","Silver Airways",1,1,649,58,707,678,
2020,5,20408,"5V","Tatonduk Outfitters Limited d/b/a Everts Air Alaska and Everts Air Cargo","5V","Tatonduk Outfitters Limited d/b/a Everts Air Alaska and Everts Air Cargo",1,1,278,55,333,306,
2020,5,19917,"5X","United Parcel Service","5X","United Parcel Service",3,3,6161,123,6284,6223,
2020,5,20007,"5Y","Atlas Air Inc.","5Y","Atlas Air Inc.",3,3,3163,6,3169,3166,
2020,5,19874,"8C","Air Transport International","8C","Air Transport International",2,2,853,0,853,853,
2020,5,20363,"9E","Endeavor Air Inc.","9E","Endeavor Air Inc.",2,2,3262,22,3284,3273,
2020,5,20190,"9S","Southern Air Inc.","9S","Southern Air Inc.",2,2,464,0,464,464,
2020,5,19805,"AA","American Airlines Inc.","AA","American Airlines Inc.",3,3,96062,11284,107346,101704,
2020,5,20453,"ABX","ABX Air Inc","ABX","ABX Air Inc",2,2,465,7,472,469,
2020,5,20201,"AMQ","Ameristar Air Cargo","AMQ","Ameristar Air Cargo",1,4,24,0,24,24,
2020,5,19930,"AS","Alaska Airlines Inc.","AS","Alaska Airlines Inc.",3,3,15751,2046,17797,16774,
2020,5,20409,"B6","JetBlue Airways","B6","JetBlue Airways",3,3,16470,5155,21625,19048,
2020,5,21167,"CP","Compass Airlines","CP","Compass Airlines",2,2,9,0,9,9,
2020,5,19790,"DL","Delta Air Lines Inc.","DL","Delta Air Lines Inc.",3,3,47581,3403,50984,49283,
2020,5,20366,"EV","ExpressJet Airlines LLC","EV","ExpressJet Airlines LLC",2,2,2478,14,2492,2485,
2020,5,20436,"F9","Frontier Airlines Inc.","F9","Frontier Airlines Inc.",3,3,5076,63,5139,5108,
2020,5,20107,"FX","Federal Express Corporation","FX","Federal Express Corporation",3,3,180169,62446,242615,211392,
2020,5,20368,"G4","Allegiant Air","G4","Allegiant Air",3,3,4069,406,4475,4272,
2020,5,20500,"G7","GoJet Airlines LLC d/b/a United Express","G7","GoJet Airlines LLC d/b/a United Express",2,2,979,0,979,979,
2020,5,20166,"GFQ","Gulf And Caribbean Cargo","GFQ","Gulf And Caribbean Cargo",1,1,113,0,113,113,
2020,5,19690,"HA","Hawaiian Airlines Inc.","HA","Hawaiian Airlines Inc.",3,3,6057,1387,7444,6751,
2020,5,20370,"KAQ","Kalitta Air LLC","KAQ","Kalitta Air LLC",3,3,2010,7,2017,2014,
2020,5,21629,"KD","Western Global","KD","Western Global",2,2,367,2,369,368,
2020,5,21634,"KH","Aloha Air Cargo","KH","Aloha Air Cargo",2,2,343,61,404,374,
2020,5,20372,"KLQ","Kalitta Charters II","KLQ","Kalitta Charters II",1,1,150,0,150,150,
2020,5,20169,"L2","Lynden Air Cargo Airlines","L2","Lynden Air Cargo Airlines",2,2,213,1,214,214,
2020,5,20151,"M6","Amerijet International","M6","Amerijet International",2,2,690,0,690,690,
2020,5,20398,"MQ","Envoy Air","MQ","Envoy Air",3,3,12409,4362,16771,14590,
2020,5,20405,"N8","National Air Cargo Group Inc d/ba National Airlines","N8","National Air Cargo Group Inc d/ba National Airlines",2,2,203,0,203,203,
2020,5,20108,"NC","Northern Air Cargo Inc.","NC","Northern Air Cargo Inc.",1,1,403,4,407,405,
2020,5,20416,"NK","Spirit Air Lines","NK","Spirit Air Lines",3,3,8868,331,9199,9034,
2020,5,20397,"OH","PSA Airlines Inc.","OH","PSA Airlines Inc.",2,2,4587,0,4587,4587,
2020,5,20304,"OO","SkyWest Airlines Inc.","OO","SkyWest Airlines Inc.",3,3,14949,4945,19894,17422,
2020,5,20177,"PFQ","Asia Pacific","PFQ","Asia Pacific",1,1,67,1,68,68,
2020,5,21402,"PM","Prescott Support Company, Inc.","PM","Prescott Support Company, Inc.",1,4,19,25,44,32,
2020,5,20100,"PO","Polar Air Cargo Airways","PO","Polar Air Cargo Airways",3,3,229,0,229,229,
2020,5,19687,"QX","Horizon Air","QX","Horizon Air",2,2,3333,931,4264,3799,
2020,5,19998,"SI","Sierra Pacific Airlines","SI","Sierra Pacific Airlines",1,4,14,30,44,29,
2020,5,20422,"SY","Sun Country Airlines d/b/a MN Airlines","SY","Sun Country Airlines d/b/a MN Airlines",2,2,1536,59,1595,1566,
2020,5,20447,"U7","USA Jet Airlines Inc.","U7","USA Jet Airlines Inc.",2,2,374,0,374,374,
2020,5,19977,"UA","United Air Lines Inc.","UA","United Air Lines Inc.",3,3,76053,7670,83723,79888,
2020,5,20195,"WI","Sky Lease Cargo","WI","Sky Lease Cargo",2,2,279,56,335,307,
2020,5,20310,"WL","Caribbean Sun Airlines, Inc. d/b/a World Atlantic Airlines","WL","Caribbean Sun Airlines, Inc. d/b/a World Atlantic Airlines",1,1,174,10,184,179,
2020,5,19393,"WN","Southwest Airlines Co.","WN","Southwest Airlines Co.",3,3,60012,2333,62345,61179,
2020,5,20377,"X9","Omni Air International LLC","X9","Omni Air International LLC",2,2,1105,2,1107,1106,
2020,5,20207,"XP","XTRA Airways","XP","XTRA Airways",1,4,22,8,30,26,
2020,5,20378,"YV","Mesa Airlines Inc.","YV","Mesa Airlines Inc.",2,2,3054,14,3068,3061,
2020,5,20452,"YX","Republic Airline","YX","Republic Airline",3,3,6003,316,6319,6161,
2020,6,21161,"09Q","Swift Air, LLC d/b/a Eastern Air Lines d/b/a Eastern","09Q","Swift Air, LLC d/b/a Eastern Air Lines d/b/a Eastern",2,2,486,29,515,501,
2020,6,21352,"0WQ","Avjet Corporation","0WQ","Avjet Corporation",1,1,144,0,144,144,
2020,6,21492,"1BQ","Eastern Airlines f/k/a Dynamic Airways, LLC","1BQ","Eastern Airlines f/k/a Dynamic Airways, LLC",1,1,216,0,216,216,
2020,6,21518,"1EQ","KaiserAir, Inc.","1EQ","KaiserAir, Inc.",1,4,39,29,68,54,
2020,6,21577,"1TQ","Rhoades Aviation dba Transair","1TQ","Rhoades Aviation dba Transair",1,1,140,36,176,158,
2020,6,21652,"27Q","Jet Aviation Flight Services, Inc.","27Q","Jet Aviation Flight Services, Inc.",1,1,603,0,603,603,
2020,6,21712,"2HQ","Elite Airways LLC","2HQ","Elite Airways LLC",2,2,58,8,66,62,
2020,6,21754,"2PQ","21 Air LLC","2PQ","21 Air LLC",1,4,67,0,67,67,
2020,6,21854,"34Q","Polaris Aviation Solutions, LLC","34Q","Polaris Aviation Solutions, LLC",1,4,27,15,42,35,
2020,6,21875,"37Q","Hillwood Airways, LLC  f/k/a   ATX Air Services, LLC","37Q","Hillwood Airways, LLC  f/k/a   ATX Air Services, LLC",1,4,44,1,45,45,
2020,6,21974,"3EQ","Scott Aviation, LLC  d/b/a  Silver Air","3EQ","Scott Aviation, LLC  d/b/a  Silver Air",1,1,93,0,93,93,
2020,6,20401,"3M","Silver Airways","3M","Silver Airways",1,1,541,54,595,568,
2020,6,20408,"5V","Tatonduk Outfitters Limited d/b/a Everts Air Alaska and Everts Air Cargo","5V","Tatonduk Outfitters Limited d/b/a Everts Air Alaska and Everts Air Cargo",1,1,281,53,334,308,
2020,6,19917,"5X","United Parcel Service","5X","United Parcel Service",3,3,6188,118,6306,6247,
2020,6,20007,"5Y","Atlas Air Inc.","5Y","Atlas Air Inc.",3,3,3233,7,3240,3237,
2020,6,19874,"8C","Air Transport International","8C","Air Transport International",2,2,876,0,876,876,
2020,6,20363,"9E","Endeavor Air Inc.","9E","Endeavor Air Inc.",2,2,3670,29,3699,3685,
2020,6,20190,"9S","Southern Air Inc.","9S","Southern Air Inc.",2,2,495,0,495,495,
2020,6,19805,"AA","American Airlines Inc.","AA","American Airlines Inc.",3,3,96061,11191,107252,101657,
2020,6,20453,"ABX","ABX Air Inc","ABX","ABX Air Inc",2,2,465,7,472,469,
2020,6,20201,"AMQ","Ameristar Air Cargo","AMQ","Ameristar Air Cargo",1,4,23,0,23,23,
2020,6,19930,"AS","Alaska Airlines Inc.","AS","Alaska Airlines Inc.",3,3,15691,2050,17741,16716,
2020,6,20409,"B6","JetBlue Airways","B6","JetBlue Airways",3,3,16418,5138,21556,18987,
2020,6,21167,"CP","Compass Airlines","CP","Compass Airlines",2,2,7,0,7,7,
2020,6,19790,"DL","Delta Air Lines Inc.","DL","Delta Air Lines Inc.",3,3,47877,3591,51468,49673,
2020,6,20366,"EV","ExpressJet Airlines LLC","EV","ExpressJet Airlines LLC",2,2,2478,14,2492,2485,
2020,6,20436,"F9","Frontier Airlines Inc.","F9","Frontier Airlines Inc.",3,3,5040,61,5101,5071,
2020,6,20107,"FX","Federal Express Corporation","FX","Federal Express Corporation",3,3,180412,66080,246492,213452,
2020,6,20368,"G4","Allegiant Air","G4","Allegiant Air",3,3,4036,400,4436,4236,
2020,6,20500,"G7","GoJet Airlines LLC d/b/a United Express","G7","GoJet Airlines LLC d/b/a United Express",2,2,951,0,951,951,
2020,6,20166,"GFQ","Gulf And Caribbean Cargo","GFQ","Gulf And Caribbean Cargo",1,1,113,0,113,113,
2020,6,19690,"HA","Hawaiian Airlines Inc.","HA","Hawaiian Airlines Inc.",3,3,6039,1379,7418,6729,
2020,6,20370,"KAQ","Kalitta Air LLC","KAQ","Kalitta Air LLC",3,3,2023,7,2030,2027,
2020,6,21629,"KD","Western Global","KD","Western Global",2,2,378,2,380,379,
2020,6,21634,"KH","Aloha Air Cargo","KH","Aloha Air Cargo",2,2,350,59,409,380,
2020,6,20372,"KLQ","Kalitta Charters II","KLQ","Kalitta Charters II",1,1,150,0,150,150,
2020,6,20169,"L2","Lynden Air Cargo Airlines","L2","Lynden Air Cargo Airlines",2,2,214,1,215,215,
2020,6,20151,"M6","Amerijet International","M6","Amerijet International",2,2,699,0,699,699,
2020,6,20398,"MQ","Envoy Air","MQ","Envoy Air",3,3,12344,4315,16659,14502,
2020,6,20405,"N8","National Air Cargo Group Inc d/ba National Airlines","N8","National Air Cargo Group Inc d/ba National Airlines",2,2,213,0,213,213,
2020,6,20108,"NC","Northern Air Cargo Inc.","NC","Northern Air Cargo Inc.",1,1,394,3,397,396,
2020,6,20416,"NK","Spirit Air Lines","NK","Spirit Air Lines",3,3,8807,327,9134,8971,
2020,6,20397,"OH","PSA Airlines Inc.","OH","PSA Airlines Inc.",2,2,4524,0,4524,4524,
2020,6,20304,"OO","SkyWest Airlines Inc.","OO","SkyWest Airlines Inc.",3,3,14991,4935,19926,17459,
2020,6,20177,"PFQ","Asia Pacific","PFQ","Asia Pacific",1,1,67,1,68,68,
2020,6,21402,"PM","Prescott Support Company, Inc.","PM","Prescott Support Company, Inc.",1,4,19,25,44,32,
2020,6,20100,"PO","Polar Air Cargo Airways","PO","Polar Air Cargo Airways",3,3,231,0,231,231,
2020,6,19687,"QX","Horizon Air","QX","Horizon Air",2,2,3415,792,4207,3811,
2020,6,19998,"SI","Sierra Pacific Airlines","SI","Sierra Pacific Airlines",1,4,14,29,43,29,
2020,6,20422,"SY","Sun Country Airlines d/b/a MN Airlines","SY","Sun Country Airlines d/b/a MN Airlines",2,2,1527,133,1660,1594,
2020,6,20447,"U7","USA Jet Airlines Inc.","U7","USA Jet Airlines Inc.",2,2,374,0,374,374,
2020,6,19977,"UA","United Air Lines Inc.","UA","United Air Lines Inc.",3,3,74779,7449,82228,78504,
2020,6,20195,"WI","Sky Lease Cargo","WI","Sky Lease Cargo",2,2,279,56,335,307,
2020,6,19393,"WN","Southwest Airlines Co.","WN","Southwest Airlines Co.",3,3,59947,2341,62288,61118,
2020,6,20377,"X9","Omni Air International LLC","X9","Omni Air International LLC",2,2,1120,2,1122,1121,
2020,6,20207,"XP","XTRA Airways","XP","XTRA Airways",1,4,21,8,29,25,
2020,6,20378,"YV","Mesa Airlines Inc.","YV","Mesa Airlines Inc.",2,2,2974,13,2987,2981,
2020,6,20452,"YX","Republic Airline","YX","Republic Airline",3,3,5955,314,6269,6112,
2020,7,21352,"0WQ","Avjet Corporation","0WQ","Avjet Corporation",1,1,144,0,144,144,
2020,7,21518,"1EQ","KaiserAir, Inc.","1EQ","KaiserAir, Inc.",1,4,39,29,68,54,
2020,7,21577,"1TQ","Rhoades Aviation dba Transair","1TQ","Rhoades Aviation dba Transair",1,1,149,37,186,168,
2020,7,21652,"27Q","Jet Aviation Flight Services, Inc.","27Q","Jet Aviation Flight Services, Inc.",1,1,593,0,593,593,
2020,7,21712,"2HQ","Elite Airways LLC","2HQ","Elite Airways LLC",2,2,58,8,66,62,
2020,7,21754,"2PQ","21 Air LLC","2PQ","21 Air LLC",1,4,65,0,65,65,
2020,7,21854,"34Q","Polaris Aviation Solutions, LLC","34Q","Polaris Aviation Solutions, LLC",1,4,27,15,42,35,
2020,7,21875,"37Q","Hillwood Airways, LLC  f/k/a   ATX Air Services, LLC","37Q","Hillwood Airways, LLC  f/k/a   ATX Air Services, LLC",1,4,42,1,43,43,
2020,7,21974,"3EQ","Scott Aviation, LLC  d/b/a  Silver Air","3EQ","Scott Aviation, LLC  d/b/a  Silver Air",1,1,95,0,95,95,
2020,7,20408,"5V","Tatonduk Outfitters Limited d/b/a Everts Air Alaska and Everts Air Cargo","5V","Tatonduk Outfitters Limited d/b/a Everts Air Alaska and Everts Air Cargo",1,1,289,56,345,317,
2020,7,19917,"5X","United Parcel Service","5X","United Parcel Service",3,3,6207,117,6324,6266,
2020,7,20007,"5Y","Atlas Air Inc.","5Y","Atlas Air Inc.",3,3,3259,8,3267,3263,
2020,7,19874,"8C","Air Transport International","8C","Air Transport International",2,2,882,0,882,882,
2020,7,20363,"9E","Endeavor Air Inc.","9E","Endeavor Air Inc.",2,2,4118,54,4172,4145,
2020,7,20190,"9S","Southern Air Inc.","9S","Southern Air Inc.",2,2,505,0,505,505,
2020,7,19805,"AA","American Airlines Inc.","AA","American Airlines Inc.",3,3,95792,11236,107028,101410,
2020,7,20453,"ABX","ABX Air Inc","ABX","ABX Air Inc",2,2,458,8,466,462,
2020,7,20201,"AMQ","Ameristar Air Cargo","AMQ","Ameristar Air Cargo",1,4,23,0,23,23,
2020,7,19930,"AS","Alaska Airlines Inc.","AS","Alaska Airlines Inc.",3,3,15631,2009,17640,16636,
2020,7,20409,"B6","JetBlue Airways","B6","JetBlue Airways",3,3,16389,5028,21417,18903,
2020,7,19790,"DL","Delta Air Lines Inc.","DL","Delta Air Lines Inc.",3,3,56513,5563,62076,59295,
2020,7,20366,"EV","ExpressJet Airlines LLC","EV","ExpressJet Airlines LLC",2,2,2380,15,2395,2388,
2020,7,20436,"F9","Frontier Airlines Inc.","F9","Frontier Airlines Inc.",3,3,5028,68,5096,5062,
2020,7,20107,"FX","Federal Express Corporation","FX","Federal Express Corporation",3,3,186024,62378,248402,217213,
2020,7,20368,"G4","Allegiant Air","G4","Allegiant Air",3,3,4006,409,4415,4211,
2020,7,20500,"G7","GoJet Airlines LLC d/b/a United Express","G7","GoJet Airlines LLC d/b/a United Express",2,2,980,0,980,980,
2020,7,20166,"GFQ","Gulf And Caribbean Cargo","GFQ","Gulf And Caribbean Cargo",1,1,113,0,113,113,
2020,7,19690,"HA","Hawaiian Airlines Inc.","HA","Hawaiian Airlines Inc.",3,3,6028,1376,7404,6716,
2020,7,20370,"KAQ","Kalitta Air LLC","KAQ","Kalitta Air LLC",3,3,2038,8,2046,2042,
2020,7,21629,"KD","Western Global","KD","Western Global",2,2,386,1,387,387,
2020,7,21634,"KH","Aloha Air Cargo","KH","Aloha Air Cargo",2,2,366,66,432,399,
2020,7,20372,"KLQ","Kalitta Charters II","KLQ","Kalitta Charters II",1,1,150,0,150,150,
2020,7,20169,"L2","Lynden Air Cargo Airlines","L2","Lynden Air Cargo Airlines",2,2,214,1,215,215,
2020,7,20151,"M6","Amerijet International","M6","Amerijet International",2,2,732,0,732,732,
2020,7,20398,"MQ","Envoy Air","MQ","Envoy Air",3,3,12193,4195,16388,14291,
2020,7,20405,"N8","National Air Cargo Group Inc d/ba National Airlines","N8","National Air Cargo Group Inc d/ba National Airlines",2,2,226,0,226,226,
2020,7,20108,"NC","Northern Air Cargo Inc.","NC","Northern Air Cargo Inc.",1,1,402,2,404,403,
2020,7,20416,"NK","Spirit Air Lines","NK","Spirit Air Lines",3,3,8817,327,9144,8981,
2020,7,20397,"OH","PSA Airlines Inc.","OH","PSA Airlines Inc.",2,2,4619,0,4619,4619,
2020,7,20304,"OO","SkyWest Airlines Inc.","OO","SkyWest Airlines Inc.",3,3,14792,4931,19723,17258,
2020,7,20177,"PFQ","Asia Pacific","PFQ","Asia Pacific",1,1,68,1,69,69,
2020,7,21402,"PM","Prescott Support Company, Inc.","PM","Prescott Support Company, Inc.",1,4,19,25,44,32,
2020,7,20100,"PO","Polar Air Cargo Airways","PO","Polar Air Cargo Airways",3,3,232,0,232,232,
2020,7,19687,"QX","Horizon Air","QX","Horizon Air",2,2,3360,763,4123,3742,
2020,7,19998,"SI","Sierra Pacific Airlines","SI","Sierra Pacific Airlines",1,4,14,29,43,29,
2020,7,20422,"SY","Sun Country Airlines d/b/a MN Airlines","SY","Sun Country Airlines d/b/a MN Airlines",2,2,1522,145,1667,1595,
2020,7,20447,"U7","USA Jet Airlines Inc.","U7","USA Jet Airlines Inc.",2,2,374,0,374,374,
2020,7,19977,"UA","United Air Lines Inc.","UA","United Air Lines Inc.",3,3,71580,7229,78809,75195,
2020,7,20195,"WI","Sky Lease Cargo","WI","Sky Lease Cargo",2,2,285,53,338,312,
2020,7,20310,"WL","Caribbean Sun Airlines, Inc. d/b/a World Atlantic Airlines","WL","Caribbean Sun Airlines, Inc. d/b/a World Atlantic Airlines",1,1,201,0,201,201,
2020,7,19393,"WN","Southwest Airlines Co.","WN","Southwest Airlines Co.",3,3,59726,2318,62044,60885,
2020,7,20377,"X9","Omni Air International LLC","X9","Omni Air International LLC",2,2,1128,2,1130,1129,
2020,7,20207,"XP","XTRA Airways","XP","XTRA Airways",1,4,21,8,29,25,
2020,7,20378,"YV","Mesa Airlines Inc.","YV","Mesa Airlines Inc.",2,2,2879,12,2891,2885,
2020,7,20452,"YX","Republic Airline","YX","Republic Airline",3,3,5801,311,6112,5957,
2020,8,21352,"0WQ","Avjet Corporation","0WQ","Avjet Corporation",1,1,144,0,144,144,
2020,8,21492,"1BQ","Eastern Airlines f/k/a Dynamic Airways, LLC","1BQ","Eastern Airlines f/k/a Dynamic Airways, LLC",1,1,212,0,212,212,
2020,8,21577,"1TQ","Rhoades Aviation dba Transair","1TQ","Rhoades Aviation dba Transair",1,1,146,35,181,164,
2020,8,21652,"27Q","Jet Aviation Flight Services, Inc.","27Q","Jet Aviation Flight Services, Inc.",1,1,590,0,590,590,
2020,8,21712,"2HQ","Elite Airways LLC","2HQ","Elite Airways LLC",2,2,63,20,83,73,
2020,8,21754,"2PQ","21 Air LLC","2PQ","21 Air LLC",1,4,66,0,66,66,
2020,8,21854,"34Q","Polaris Aviation Solutions, LLC","34Q","Polaris Aviation Solutions, LLC",1,4,27,15,42,35,
2020,8,21875,"37Q","Hillwood Airways, LLC  f/k/a   ATX Air Services, LLC","37Q","Hillwood Airways, LLC  f/k/a   ATX Air Services, LLC",1,4,42,1,43,43,
2020,8,21974,"3EQ","Scott Aviation, LLC  d/b/a  Silver Air","3EQ","Scott Aviation, LLC  d/b/a  Silver Air",1,1,95,0,95,95,
2020,8,20408,"5V","Tatonduk Outfitters Limited d/b/a Everts Air Alaska and Everts Air Cargo","5V","Tatonduk Outfitters Limited d/b/a Everts Air Alaska and Everts Air Cargo",1,1,298,61,359,329,
2020,8,19917,"5X","United Parcel Service","5X","United Parcel Service",3,3,6285,116,6401,6343,
2020,8,20007,"5Y","Atlas Air Inc.","5Y","Atlas Air Inc.",3,3,3310,10,3320,3315,
2020,8,19874,"8C","Air Transport International","8C","Air Transport International",2,2,913,0,913,913,
2020,8,20363,"9E","Endeavor Air Inc.","9E","Endeavor Air Inc.",2,2,4143,56,4199,4171,
2020,8,20190,"9S","Southern Air Inc.","9S","Southern Air Inc.",2,2,530,0,530,530,
2020,8,19805,"AA","American Airlines Inc.","AA","American Airlines Inc.",3,3,95312,11232,106544,100928,
2020,8,20453,"ABX","ABX Air Inc","ABX","ABX Air Inc",2,2,456,7,463,460,
2020,8,20201,"AMQ","Ameristar Air Cargo","AMQ","Ameristar Air Cargo",1,4,23,0,23,23,
2020,8,19930,"AS","Alaska Airlines Inc.","AS","Alaska Airlines Inc.",3,3,15585,1998,17583,16584,
2020,8,20409,"B6","JetBlue Airways","B6","JetBlue Airways",3,3,16246,4661,20907,18577,
2020,8,19790,"DL","Delta Air Lines Inc.","DL","Delta Air Lines Inc.",3,3,57630,5716,63346,60488,
2020,8,20436,"F9","Frontier Airlines Inc.","F9","Frontier Airlines Inc.",3,3,5015,65,5080,5048,
2020,8,20107,"FX","Federal Express Corporation","FX","Federal Express Corporation",3,3,188054,62271,250325,219190,
2020,8,20368,"G4","Allegiant Air","G4","Allegiant Air",3,3,3987,412,4399,4193,
2020,8,20500,"G7","GoJet Airlines LLC d/b/a United Express","G7","GoJet Airlines LLC d/b/a United Express",2,2,954,0,954,954,
2020,8,20166,"GFQ","Gulf And Caribbean Cargo","GFQ","Gulf And Caribbean Cargo",1,1,117,0,117,117,
2020,8,19690,"HA","Hawaiian Airlines Inc.","HA","Hawaiian Airlines Inc.",3,3,5923,1369,7292,6608,
2020,8,20370,"KAQ","Kalitta Air LLC","KAQ","Kalitta Air LLC",3,3,2092,7,2099,2096,
2020,8,21629,"KD","Western Global","KD","Western Global",2,2,396,1,397,397,
2020,8,21634,"KH","Aloha Air Cargo","KH","Aloha Air Cargo",2,2,385,69,454,420,
2020,8,20372,"KLQ","Kalitta Charters II","KLQ","Kalitta Charters II",1,1,158,0,158,158,
2020,8,20169,"L2","Lynden Air Cargo Airlines","L2","Lynden Air Cargo Airlines",2,2,212,1,213,213,
2020,8,20151,"M6","Amerijet International","M6","Amerijet International",2,2,734,0,734,734,
2020,8,20398,"MQ","Envoy Air","MQ","Envoy Air",3,3,12031,4070,16101,14066,
2020,8,20108,"NC","Northern Air Cargo Inc.","NC","Northern Air Cargo Inc.",1,1,406,6,412,409,
2020,8,20416,"NK","Spirit Air Lines","NK","Spirit Air Lines",3,3,8636,290,8926,8781,
2020,8,20397,"OH","PSA Airlines Inc.","OH","PSA Airlines Inc.",2,2,4573,0,4573,4573,
2020,8,20304,"OO","SkyWest Airlines Inc.","OO","SkyWest Airlines Inc.",3,3,14708,4958,19666,17187,
2020,8,20177,"PFQ","Asia Pacific","PFQ","Asia Pacific",1,1,73,1,74,74,
2020,8,21402,"PM","Prescott Support Company, Inc.","PM","Prescott Support Company, Inc.",1,4,19,25,44,32,
2020,8,20100,"PO","Polar Air Cargo Airways","PO","Polar Air Cargo Airways",3,3,233,0,233,233,
2020,8,19687,"QX","Horizon Air","QX","Horizon Air",2,2,3287,765,4052,3670,
2020,8,19998,"SI","Sierra Pacific Airlines","SI","Sierra Pacific Airlines",1,4,14,29,43,29,
2020,8,20422,"SY","Sun Country Airlines d/b/a MN Airlines","SY","Sun Country Airlines d/b/a MN Airlines",2,2,1514,152,1666,1590,
2020,8,20447,"U7","USA Jet Airlines Inc.","U7","USA Jet Airlines Inc.",2,2,374,0,374,374,
2020,8,19977,"UA","United Air Lines Inc.","UA","United Air Lines Inc.",3,3,70558,7343,77901,74230,
2020,8,20195,"WI","Sky Lease Cargo","WI","Sky Lease Cargo",2,2,297,51,348,323,
2020,8,19393,"WN","Southwest Airlines Co.","WN","Southwest Airlines Co.",3,3,59355,2333,61688,60522,
2020,8,20377,"X9","Omni Air International LLC","X9","Omni Air International LLC",2,2,1164,2,1166,1165,
2020,8,20378,"YV","Mesa Airlines Inc.","YV","Mesa Airlines Inc.",2,2,2877,13,2890,2884,
2020,8,20452,"YX","Republic Airline","YX","Republic Airline",3,3,5757,306,6063,5910,
2020,1,21161,"09Q","Swift Air, LLC d/b/a Eastern Air Lines d/b/a Eastern","09Q","Swift Air, LLC d/b/a Eastern Air Lines d/b/a Eastern",2,2,602,30,632,617,
2020,1,21352,"0WQ","Avjet Corporation","0WQ","Avjet Corporation",1,1,160,0,160,160,
2020,1,21492,"1BQ","Eastern Airlines f/k/a Dynamic Airways, LLC","1BQ","Eastern Airlines f/k/a Dynamic Airways, LLC",1,1,136,0,136,136,
2020,1,21518,"1EQ","KaiserAir, Inc.","1EQ","KaiserAir, Inc.",1,4,39,29,68,54,
2020,1,21577,"1TQ","Rhoades Aviation dba Transair","1TQ","Rhoades Aviation dba Transair",1,1,111,57,168,140,
2020,1,21652,"27Q","Jet Aviation Flight Services, Inc.","27Q","Jet Aviation Flight Services, Inc.",1,1,696,1,697,697,
2020,1,21712,"2HQ","Elite Airways LLC","2HQ","Elite Airways LLC",2,2,118,15,133,126,
2020,1,21754,"2PQ","21 Air LLC","2PQ","21 Air LLC",1,4,72,0,72,72,
2020,1,21854,"34Q","Polaris Aviation Solutions, LLC","34Q","Polaris Aviation Solutions, LLC",1,4,27,15,42,35,
2020,1,21875,"37Q","Hillwood Airways, LLC  f/k/a   ATX Air Services, LLC","37Q","Hillwood Airways, LLC  f/k/a   ATX Air Services, LLC",1,4,41,1,42,42,
2020,1,21974,"3EQ","Scott Aviation, LLC  d/b/a  Silver Air","3EQ","Scott Aviation, LLC  d/b/a  Silver Air",1,1,71,0,71,71,
2020,1,20401,"3M","Silver Airways","3M","Silver Airways",1,1,819,120,939,879,
2020,1,20408,"5V","Tatonduk Outfitters Limited d/b/a Everts Air Alaska and Everts Air Cargo","5V","Tatonduk Outfitters Limited d/b/a Everts Air Alaska and Everts Air Cargo",1,1,296,64,360,328,
2020,1,19917,"5X","United Parcel Service","5X","United Parcel Service",3,3,6136,130,6266,6201,
2020,1,20007,"5Y","Atlas Air Inc.","5Y","Atlas Air Inc.",3,3,3132,5,3137,3135,
2020,1,19874,"8C","Air Transport International","8C","Air Transport International",2,2,802,0,802,802,
2020,1,20363,"9E","Endeavor Air Inc.","9E","Endeavor Air Inc.",2,2,4741,103,4844,4793,
2020,1,20190,"9S","Southern Air Inc.","9S","Southern Air Inc.",2,2,416,0,416,416,
2020,1,19805,"AA","American Airlines Inc.","AA","American Airlines Inc.",3,3,95612,11840,107452,101532,
2020,1,20453,"ABX","ABX Air Inc","ABX","ABX Air Inc",2,2,471,2,473,472,
2020,1,20201,"AMQ","Ameristar Air Cargo","AMQ","Ameristar Air Cargo",1,4,49,0,49,49,
2020,1,19930,"AS","Alaska Airlines Inc.","AS","Alaska Airlines Inc.",3,3,16086,1853,17939,17013,
2020,1,20409,"B6","JetBlue Airways","B6","JetBlue Airways",3,3,16738,4860,21598,19168,
2020,1,21167,"CP","Compass Airlines","CP","Compass Airlines",2,2,1393,0,1393,1393,
2020,1,19790,"DL","Delta Air Lines Inc.","DL","Delta Air Lines Inc.",3,3,80582,10245,90827,85705,
2020,1,20366,"EV","ExpressJet Airlines LLC","EV","ExpressJet Airlines LLC",2,2,2931,16,2947,2939,
2020,1,20436,"F9","Frontier Airlines Inc.","F9","Frontier Airlines Inc.",3,3,4957,63,5020,4989,
2020,1,20107,"FX","Federal Express Corporation","FX","Federal Express Corporation",3,3,182843,63554,246397,214620,
2020,1,20368,"G4","Allegiant Air","G4","Allegiant Air",3,3,3935,459,4394,4165,
2020,1,20500,"G7","GoJet Airlines LLC d/b/a United Express","G7","GoJet Airlines LLC d/b/a United Express",2,2,959,0,959,959,
2020,1,20166,"GFQ","Gulf And Caribbean Cargo","GFQ","Gulf And Caribbean Cargo",1,1,115,0,115,115,
2020,1,20402,"GL","Miami Air International","GL","Miami Air International",2,2,339,12,351,345,
2020,1,19690,"HA","Hawaiian Airlines Inc.","HA","Hawaiian Airlines Inc.",3,3,6024,1423,7447,6736,
2020,1,20370,"KAQ","Kalitta Air LLC","KAQ","Kalitta Air LLC",3,3,2026,7,2033,2030,
2020,1,21629,"KD","Western Global","KD","Western Global",2,2,389,1,390,390,
2020,1,21634,"KH","Aloha Air Cargo","KH","Aloha Air Cargo",2,2,366,74,440,403,
2020,1,20372,"KLQ","Kalitta Charters II","KLQ","Kalitta Charters II",1,1,154,0,154,154,
2020,1,20169,"L2","Lynden Air Cargo Airlines","L2","Lynden Air Cargo Airlines",2,2,215,3,218,217,
2020,1,20151,"M6","Amerijet International","M6","Amerijet International",2,2,676,0,676,676,
2020,1,20398,"MQ","Envoy Air","MQ","Envoy Air",3,3,12494,4534,17028,14761,
2020,1,20405,"N8","National Air Cargo Group Inc d/ba National Airlines","N8","National Air Cargo Group Inc d/ba National Airlines",2,2,207,0,207,207,
2020,1,20108,"NC","Northern Air Cargo Inc.","NC","Northern Air Cargo Inc.",1,1,380,2,382,381,
2020,1,20416,"NK","Spirit Air Lines","NK","Spirit Air Lines",3,3,8467,372,8839,8653,
2020,1,20397,"OH","PSA Airlines Inc.","OH","PSA Airlines Inc.",2,2,4758,8,4766,4762,
2020,1,20304,"OO","SkyWest Airlines Inc.","OO","SkyWest Airlines Inc.",3,3,13438,4273,17711,15575,
2020,1,20177,"PFQ","Asia Pacific","PFQ","Asia Pacific",1,1,63,1,64,64,
2020,1,21402,"PM","Prescott Support Company, Inc.","PM","Prescott Support Company, Inc.",1,4,21,27,48,35,
2020,1,20100,"PO","Polar Air Cargo Airways","PO","Polar Air Cargo Airways",3,3,225,0,225,225,
2020,1,19687,"QX","Horizon Air","QX","Horizon Air",2,2,3452,868,4320,3886,
2020,1,19998,"SI","Sierra Pacific Airlines","SI","Sierra Pacific Airlines",1,4,14,20,34,24,
2020,1,20422,"SY","Sun Country Airlines d/b/a MN Airlines","SY","Sun Country Airlines d/b/a MN Airlines",2,2,1532,19,1551,1542,
2020,1,20447,"U7","USA Jet Airlines Inc.","U7","USA Jet Airlines Inc.",2,2,380,0,380,380,
2020,1,19977,"UA","United Air Lines Inc.","UA","United Air Lines Inc.",3,3,80145,11892,92037,86091,
2020,1,20195,"WI","Sky Lease Cargo","WI","Sky Lease Cargo",2,2,273,71,344,309,
2020,1,20310,"WL","Caribbean Sun Airlines, Inc. d/b/a World Atlantic Airlines","WL","Caribbean Sun Airlines, Inc. d/b/a World Atlantic Airlines",1,1,157,5,162,160,
2020,1,19393,"WN","Southwest Airlines Co.","WN","Southwest Airlines Co.",3,3,59914,2302,62216,61065,
2020,1,20377,"X9","Omni Air International LLC","X9","Omni Air International LLC",2,2,1051,2,1053,1052,
2020,1,20207,"XP","XTRA Airways","XP","XTRA Airways",1,4,16,9,25,21,
2020,1,20378,"YV","Mesa Airlines Inc.","YV","Mesa Airlines Inc.",2,2,3512,14,3526,3519,
2020,1,20452,"YX","Republic Airline","YX","Republic Airline",3,3,6103,340,6443,6273,
2020,1,20046,"ZW","Air Wisconsin Airlines Corp","ZW","Air Wisconsin Airlines Corp",2,2,1399,387,1786,1593,
2020,2,21161,"09Q","Swift Air, LLC d/b/a Eastern Air Lines d/b/a Eastern","09Q","Swift Air, LLC d/b/a Eastern Air Lines d/b/a Eastern",2,2,607,29,636,622,
2020,2,21352,"0WQ","Avjet Corporation","0WQ","Avjet Corporation",1,1,160,0,160,160,
2020,2,21492,"1BQ","Eastern Airlines f/k/a Dynamic Airways, LLC","1BQ","Eastern Airlines f/k/a Dynamic Airways, LLC",1,1,134,0,134,134,
2020,2,21518,"1EQ","KaiserAir, Inc.","1EQ","KaiserAir, Inc.",1,4,39,29,68,54,
2020,2,21577,"1TQ","Rhoades Aviation dba Transair","1TQ","Rhoades Aviation dba Transair",1,1,132,36,168,150,
2020,2,21652,"27Q","Jet Aviation Flight Services, Inc.","27Q","Jet Aviation Flight Services, Inc.",1,1,701,1,702,702,
2020,2,21712,"2HQ","Elite Airways LLC","2HQ","Elite Airways LLC",2,2,116,11,127,122,
2020,2,21754,"2PQ","21 Air LLC","2PQ","21 Air LLC",1,4,74,0,74,74,
2020,2,21854,"34Q","Polaris Aviation Solutions, LLC","34Q","Polaris Aviation Solutions, LLC",1,4,27,15,42,35,
2020,2,21875,"37Q","Hillwood Airways, LLC  f/k/a   ATX Air Services, LLC","37Q","Hillwood Airways, LLC  f/k/a   ATX Air Services, LLC",1,4,42,1,43,43,
2020,2,21974,"3EQ","Scott Aviation, LLC  d/b/a  Silver Air","3EQ","Scott Aviation, LLC  d/b/a  Silver Air",1,1,73,0,73,73,
2020,2,20401,"3M","Silver Airways","3M","Silver Airways",1,1,733,111,844,789,
2020,2,20408,"5V","Tatonduk Outfitters Limited d/b/a Everts Air Alaska and Everts Air Cargo","5V","Tatonduk Outfitters Limited d/b/a Everts Air Alaska and Everts Air Cargo",1,1,287,69,356,322,
2020,2,19917,"5X","United Parcel Service","5X","United Parcel Service",3,3,6135,129,6264,6200,
2020,2,20007,"5Y","Atlas Air Inc.","5Y","Atlas Air Inc.",3,3,3123,5,3128,3126,
2020,2,19874,"8C","Air Transport International","8C","Air Transport International",2,2,825,0,825,825,
2020,2,20363,"9E","Endeavor Air Inc.","9E","Endeavor Air Inc.",2,2,4822,102,4924,4873,
2020,2,20190,"9S","Southern Air Inc.","9S","Southern Air Inc.",2,2,413,0,413,413,
2020,2,19805,"AA","American Airlines Inc.","AA","American Airlines Inc.",3,3,96021,11884,107905,101963,
2020,2,20453,"ABX","ABX Air Inc","ABX","ABX Air Inc",2,2,471,2,473,472,
2020,2,20201,"AMQ","Ameristar Air Cargo","AMQ","Ameristar Air Cargo",1,4,49,0,49,49,
2020,2,19930,"AS","Alaska Airlines Inc.","AS","Alaska Airlines Inc.",3,3,16070,1841,17911,16991,
2020,2,20409,"B6","JetBlue Airways","B6","JetBlue Airways",3,3,16856,4865,21721,19289,
2020,2,21167,"CP","Compass Airlines","CP","Compass Airlines",2,2,1311,0,1311,1311,
2020,2,19790,"DL","Delta Air Lines Inc.","DL","Delta Air Lines Inc.",3,3,81177,10239,91416,86297,
2020,2,20366,"EV","ExpressJet Airlines LLC","EV","ExpressJet Airlines LLC",2,2,2961,16,2977,2969,
2020,2,20436,"F9","Frontier Airlines Inc.","F9","Frontier Airlines Inc.",3,3,5036,65,5101,5069,
2020,2,20107,"FX","Federal Express Corporation","FX","Federal Express Corporation",3,3,183306,64108,247414,215360,
2020,2,20368,"G4","Allegiant Air","G4","Allegiant Air",3,3,4001,477,4478,4240,
2020,2,20500,"G7","GoJet Airlines LLC d/b/a United Express","G7","GoJet Airlines LLC d/b/a United Express",2,2,1005,0,1005,1005,
2020,2,20166,"GFQ","Gulf And Caribbean Cargo","GFQ","Gulf And Caribbean Cargo",1,1,125,0,125,125,
2020,2,20402,"GL","Miami Air International","GL","Miami Air International",2,2,326,12,338,332,
2020,2,19690,"HA","Hawaiian Airlines Inc.","HA","Hawaiian Airlines Inc.",3,3,6067,1435,7502,6785,
2020,2,20370,"KAQ","Kalitta Air LLC","KAQ","Kalitta Air LLC",3,3,2025,7,2032,2029,
2020,2,21629,"KD","Western Global","KD","Western Global",2,2,380,2,382,381,
2020,2,21634,"KH","Aloha Air Cargo","KH","Aloha Air Cargo",2,2,362,70,432,397,
2020,2,20372,"KLQ","Kalitta Charters II","KLQ","Kalitta Charters II",1,1,157,0,157,157,
2020,2,20169,"L2","Lynden Air Cargo Airlines","L2","Lynden Air Cargo Airlines",2,2,209,3,212,211,
2020,2,20151,"M6","Amerijet International","M6","Amerijet International",2,2,656,0,656,656,
2020,2,20398,"MQ","Envoy Air","MQ","Envoy Air",3,3,12550,4636,17186,14868,
2020,2,20405,"N8","National Air Cargo Group Inc d/ba National Airlines","N8","National Air Cargo Group Inc d/ba National Airlines",2,2,200,0,200,200,
2020,2,20108,"NC","Northern Air Cargo Inc.","NC","Northern Air Cargo Inc.",1,1,379,2,381,380,
2020,2,20416,"NK","Spirit Air Lines","NK","Spirit Air Lines",3,3,8600,375,8975,8788,
2020,2,20397,"OH","PSA Airlines Inc.","OH","PSA Airlines Inc.",2,2,4802,8,4810,4806,
2020,2,20304,"OO","SkyWest Airlines Inc.","OO","SkyWest Airlines Inc.",3,3,13550,4331,17881,15716,
2020,2,20177,"PFQ","Asia Pacific","PFQ","Asia Pacific",1,1,60,1,61,61,
2020,2,21402,"PM","Prescott Support Company, Inc.","PM","Prescott Support Company, Inc.",1,4,20,25,45,33,
2020,2,20100,"PO","Polar Air Cargo Airways","PO","Polar Air Cargo Airways",3,3,225,0,225,225,
2020,2,19687,"QX","Horizon Air","QX","Horizon Air",2,2,3543,844,4387,3965,
2020,2,19998,"SI","Sierra Pacific Airlines","SI","Sierra Pacific Airlines",1,4,14,19,33,24,
2020,2,20422,"SY","Sun Country Airlines d/b/a MN Airlines","SY","Sun Country Airlines d/b/a MN Airlines",2,2,1546,29,1575,1561,
2020,2,20447,"U7","USA Jet Airlines Inc.","U7","USA Jet Airlines Inc.",2,2,380,0,380,380,
2020,2,19977,"UA","United Air Lines Inc.","UA","United Air Lines Inc.",3,3,80362,11887,92249,86306,
2020,2,20195,"WI","Sky Lease Cargo","WI","Sky Lease Cargo",2,2,262,74,336,299,
2020,2,20310,"WL","Caribbean Sun Airlines, Inc. d/b/a World Atlantic Airlines","WL","Caribbean Sun Airlines, Inc. d/b/a World Atlantic Airlines",1,1,171,5,176,174,
2020,2,19393,"WN","Southwest Airlines Co.","WN","Southwest Airlines Co.",3,3,60092,2344,62436,61264,
2020,2,20377,"X9","Omni Air International LLC","X9","Omni Air International LLC",2,2,1104,2,1106,1105,
2020,2,20207,"XP","XTRA Airways","XP","XTRA Airways",1,4,20,7,27,24,
2020,2,20378,"YV","Mesa Airlines Inc.","YV","Mesa Airlines Inc.",2,2,3640,13,3653,3647,
2020,2,20452,"YX","Republic Airline","YX","Republic Airline",3,3,6164,331,6495,6330,
2020,2,20046,"ZW","Air Wisconsin Airlines Corp","ZW","Air Wisconsin Airlines Corp",2,2,1384,374,1758,1571,
2020,3,21161,"09Q","Swift Air, LLC d/b/a Eastern Air Lines d/b/a Eastern","09Q","Swift Air, LLC d/b/a Eastern Air Lines d/b/a Eastern",2,2,600,29,629,615,
2020,3,21352,"0WQ","Avjet Corporation","0WQ","Avjet Corporation",1,1,160,0,160,160,
2020,3,21492,"1BQ","Eastern Airlines f/k/a Dynamic Airways, LLC","1BQ","Eastern Airlines f/k/a Dynamic Airways, LLC",1,1,146,0,146,146,
2020,3,21577,"1TQ","Rhoades Aviation dba Transair","1TQ","Rhoades Aviation dba Transair",1,1,133,37,170,152,
2020,3,21652,"27Q","Jet Aviation Flight Services, Inc.","27Q","Jet Aviation Flight Services, Inc.",1,1,709,1,710,710,
2020,3,21712,"2HQ","Elite Airways LLC","2HQ","Elite Airways LLC",2,2,102,19,121,112,
2020,3,21754,"2PQ","21 Air LLC","2PQ","21 Air LLC",1,4,70,0,70,70,
2020,3,21854,"34Q","Polaris Aviation Solutions, LLC","34Q","Polaris Aviation Solutions, LLC",1,4,27,15,42,35,
2020,3,21875,"37Q","Hillwood Airways, LLC  f/k/a   ATX Air Services, LLC","37Q","Hillwood Airways, LLC  f/k/a   ATX Air Services, LLC",1,4,42,1,43,43,
2020,3,21974,"3EQ","Scott Aviation, LLC  d/b/a  Silver Air","3EQ","Scott Aviation, LLC  d/b/a  Silver Air",1,1,78,0,78,78,
2020,3,20401,"3M","Silver Airways","3M","Silver Airways",1,1,729,108,837,783,
2020,3,20408,"5V","Tatonduk Outfitters Limited d/b/a Everts Air Alaska and Everts Air Cargo","5V","Tatonduk Outfitters Limited d/b/a Everts Air Alaska and Everts Air Cargo",1,1,286,62,348,317,
2020,3,19917,"5X","United Parcel Service","5X","United Parcel Service",3,3,6151,128,6279,6215,
2020,3,20007,"5Y","Atlas Air Inc.","5Y","Atlas Air Inc.",3,3,3115,6,3121,3118,
2020,3,19874,"8C","Air Transport International","8C","Air Transport International",2,2,831,0,831,831,
2020,3,20363,"9E","Endeavor Air Inc.","9E","Endeavor Air Inc.",2,2,4515,83,4598,4557,
2020,3,20190,"9S","Southern Air Inc.","9S","Southern Air Inc.",2,2,429,0,429,429,
2020,3,19805,"AA","American Airlines Inc.","AA","American Airlines Inc.",3,3,97373,11735,109108,103241,
2020,3,20453,"ABX","ABX Air Inc","ABX","ABX Air Inc",2,2,470,2,472,471,
2020,3,20201,"AMQ","Ameristar Air Cargo","AMQ","Ameristar Air Cargo",1,4,44,0,44,44,
2020,3,19930,"AS","Alaska Airlines Inc.","AS","Alaska Airlines Inc.",3,3,16062,1850,17912,16987,
2020,3,20409,"B6","JetBlue Airways","B6","JetBlue Airways",3,3,16745,4801,21546,19146,
2020,3,21167,"CP","Compass Airlines","CP","Compass Airlines",2,2,1259,0,1259,1259,
2020,3,19790,"DL","Delta Air Lines Inc.","DL","Delta Air Lines Inc.",3,3,80179,9801,89980,85080,
2020,3,20366,"EV","ExpressJet Airlines LLC","EV","ExpressJet Airlines LLC",2,2,2986,16,3002,2994,
2020,3,20436,"F9","Frontier Airlines Inc.","F9","Frontier Airlines Inc.",3,3,5115,66,5181,5148,
2020,3,20107,"FX","Federal Express Corporation","FX","Federal Express Corporation",3,3,182118,62892,245010,213564,
2020,3,20368,"G4","Allegiant Air","G4","Allegiant Air",3,3,4070,417,4487,4279,
2020,3,20500,"G7","GoJet Airlines LLC d/b/a United Express","G7","GoJet Airlines LLC d/b/a United Express",2,2,1050,0,1050,1050,
2020,3,20166,"GFQ","Gulf And Caribbean Cargo","GFQ","Gulf And Caribbean Cargo",1,1,123,0,123,123,
2020,3,20402,"GL","Miami Air International","GL","Miami Air International",2,2,169,12,181,175,
2020,3,19690,"HA","Hawaiian Airlines Inc.","HA","Hawaiian Airlines Inc.",3,3,6076,1416,7492,6784,
2020,3,20370,"KAQ","Kalitta Air LLC","KAQ","Kalitta Air LLC",3,3,2006,7,2013,2010,
2020,3,21629,"KD","Western Global","KD","Western Global",2,2,368,2,370,369,
2020,3,21634,"KH","Aloha Air Cargo","KH","Aloha Air Cargo",2,2,366,71,437,402,
2020,3,20372,"KLQ","Kalitta Charters II","KLQ","Kalitta Charters II",1,1,150,0,150,150,
2020,3,20169,"L2","Lynden Air Cargo Airlines","L2","Lynden Air Cargo Airlines",2,2,206,1,207,207,
2020,3,20151,"M6","Amerijet International","M6","Amerijet International",2,2,656,0,656,656,
2020,3,20398,"MQ","Envoy Air","MQ","Envoy Air",3,3,12389,4392,16781,14585,
2020,3,20405,"N8","National Air Cargo Group Inc d/ba National Airlines","N8","National Air Cargo Group Inc d/ba National Airlines",2,2,200,0,200,200,
2020,3,20108,"NC","Northern Air Cargo Inc.","NC","Northern Air Cargo Inc.",1,1,414,4,418,416,
2020,3,20416,"NK","Spirit Air Lines","NK","Spirit Air Lines",3,3,8858,355,9213,9036,
2020,3,20397,"OH","PSA Airlines Inc.","OH","PSA Airlines Inc.",2,2,4662,8,4670,4666,
2020,3,20304,"OO","SkyWest Airlines Inc.","OO","SkyWest Airlines Inc.",3,3,15332,5212,20544,17938,
2020,3,20177,"PFQ","Asia Pacific","PFQ","Asia Pacific",1,1,61,1,62,62,
2020,3,21402,"PM","Prescott Support Company, Inc.","PM","Prescott Support Company, Inc.",1,4,20,25,45,33,
2020,3,20100,"PO","Polar Air Cargo Airways","PO","Polar Air Cargo Airways",3,3,226,0,226,226,
2020,3,19687,"QX","Horizon Air","QX","Horizon Air",2,2,3505,833,4338,3922,
2020,3,19998,"SI","Sierra Pacific Airlines","SI","Sierra Pacific Airlines",1,4,14,23,37,26,
2020,3,20422,"SY","Sun Country Airlines d/b/a MN Airlines","SY","Sun Country Airlines d/b/a MN Airlines",2,2,1544,66,1610,1577,
2020,3,20447,"U7","USA Jet Airlines Inc.","U7","USA Jet Airlines Inc.",2,2,378,0,378,378,
2020,3,19977,"UA","United Air Lines Inc.","UA","United Air Lines Inc.",3,3,80239,11324,91563,85901,
2020,3,20195,"WI","Sky Lease Cargo","WI","Sky Lease Cargo",2,2,263,75,338,301,
2020,3,20310,"WL","Caribbean Sun Airlines, Inc. d/b/a World Atlantic Airlines","WL","Caribbean Sun Airlines, Inc. d/b/a World Atlantic Airlines",1,1,161,5,166,164,
2020,3,19393,"WN","Southwest Airlines Co.","WN","Southwest Airlines Co.",3,3,59763,2318,62081,60922,
2020,3,20377,"X9","Omni Air International LLC","X9","Omni Air International LLC",2,2,1094,2,1096,1095,
2020,3,20207,"XP","XTRA Airways","XP","XTRA Airways",1,4,20,7,27,24,
2020,3,20378,"YV","Mesa Airlines Inc.","YV","Mesa Airlines Inc.",2,2,3669,12,3681,3675,
2020,3,20452,"YX","Republic Airline","YX","Republic Airline",3,3,6195,324,6519,6357,
2020,3,20046,"ZW","Air Wisconsin Airlines Corp","ZW","Air Wisconsin Airlines Corp",2,2,1385,357,1742,1564,
2020,9,21352,"0WQ","Avjet Corporation","0WQ","Avjet Corporation",1,1,144,0,144,144,
2020,9,21492,"1BQ","Eastern Airlines f/k/a Dynamic Airways, LLC","1BQ","Eastern Airlines f/k/a Dynamic Airways, LLC",1,1,292,0,292,292,
2020,9,21577,"1TQ","Rhoades Aviation dba Transair","1TQ","Rhoades Aviation dba Transair",1,1,149,37,186,168,
2020,9,21652,"27Q","Jet Aviation Flight Services, Inc.","27Q","Jet Aviation Flight Services, Inc.",1,1,593,0,593,593,
2020,9,21712,"2HQ","Elite Airways LLC","2HQ","Elite Airways LLC",2,2,63,20,83,73,
2020,9,21754,"2PQ","21 Air LLC","2PQ","21 Air LLC",1,4,65,0,65,65,
2020,9,21854,"34Q","Polaris Aviation Solutions, LLC","34Q","Polaris Aviation Solutions, LLC",1,4,27,15,42,35,
2020,9,21875,"37Q","Hillwood Airways, LLC  f/k/a   ATX Air Services, LLC","37Q","Hillwood Airways, LLC  f/k/a   ATX Air Services, LLC",1,4,48,1,49,49,
2020,9,21974,"3EQ","Scott Aviation, LLC  d/b/a  Silver Air","3EQ","Scott Aviation, LLC  d/b/a  Silver Air",1,1,94,0,94,94,
2020,9,20408,"5V","Tatonduk Outfitters Limited d/b/a Everts Air Alaska and Everts Air Cargo","5V","Tatonduk Outfitters Limited d/b/a Everts Air Alaska and Everts Air Cargo",1,1,299,61,360,330,
2020,9,19917,"5X","United Parcel Service","5X","United Parcel Service",3,3,6267,112,6379,6323,
2020,9,20007,"5Y","Atlas Air Inc.","5Y","Atlas Air Inc.",3,3,3353,10,3363,3358,
2020,9,19874,"8C","Air Transport International","8C","Air Transport International",2,2,916,0,916,916,
2020,9,20363,"9E","Endeavor Air Inc.","9E","Endeavor Air Inc.",2,2,4287,65,4352,4320,
2020,9,20190,"9S","Southern Air Inc.","9S","Southern Air Inc.",2,2,542,0,542,542,
2020,9,19805,"AA","American Airlines Inc.","AA","American Airlines Inc.",3,3,95197,10973,106170,100684,
2020,9,20453,"ABX","ABX Air Inc","ABX","ABX Air Inc",2,2,459,7,466,463,
2020,9,20201,"AMQ","Ameristar Air Cargo","AMQ","Ameristar Air Cargo",1,4,23,0,23,23,
2020,9,19930,"AS","Alaska Airlines Inc.","AS","Alaska Airlines Inc.",3,3,15471,2010,17481,16476,
2020,9,20409,"B6","JetBlue Airways","B6","JetBlue Airways",3,3,15735,3913,19648,17692,
2020,9,19790,"DL","Delta Air Lines Inc.","DL","Delta Air Lines Inc.",3,3,55767,5743,61510,58639,
2020,9,20436,"F9","Frontier Airlines Inc.","F9","Frontier Airlines Inc.",3,3,4990,65,5055,5023,
2020,9,20107,"FX","Federal Express Corporation","FX","Federal Express Corporation",3,3,191635,63049,254684,223160,
2020,9,20368,"G4","Allegiant Air","G4","Allegiant Air",3,3,3976,414,4390,4183,
2020,9,20500,"G7","GoJet Airlines LLC d/b/a United Express","G7","GoJet Airlines LLC d/b/a United Express",2,2,943,0,943,943,
2020,9,20166,"GFQ","Gulf And Caribbean Cargo","GFQ","Gulf And Caribbean Cargo",1,1,117,0,117,117,
2020,9,19690,"HA","Hawaiian Airlines Inc.","HA","Hawaiian Airlines Inc.",3,3,5846,1241,7087,6467,
2020,9,20370,"KAQ","Kalitta Air LLC","KAQ","Kalitta Air LLC",3,3,2136,7,2143,2140,
2020,9,21629,"KD","Western Global","KD","Western Global",2,2,392,2,394,393,
2020,9,21634,"KH","Aloha Air Cargo","KH","Aloha Air Cargo",2,2,394,79,473,434,
2020,9,20372,"KLQ","Kalitta Charters II","KLQ","Kalitta Charters II",1,1,160,0,160,160,
2020,9,20169,"L2","Lynden Air Cargo Airlines","L2","Lynden Air Cargo Airlines",2,2,212,1,213,213,
2020,9,20151,"M6","Amerijet International","M6","Amerijet International",2,2,748,0,748,748,
2020,9,20398,"MQ","Envoy Air","MQ","Envoy Air",3,3,11966,3992,15958,13962,
2020,9,20405,"N8","National Air Cargo Group Inc d/ba National Airlines","N8","National Air Cargo Group Inc d/ba National Airlines",2,2,229,0,229,229,
2020,9,20108,"NC","Northern Air Cargo Inc.","NC","Northern Air Cargo Inc.",1,1,418,6,424,421,
2020,9,20416,"NK","Spirit Air Lines","NK","Spirit Air Lines",3,3,8617,276,8893,8755,
2020,9,20397,"OH","PSA Airlines Inc.","OH","PSA Airlines Inc.",2,2,4618,0,4618,4618,
2020,9,20304,"OO","SkyWest Airlines Inc.","OO","SkyWest Airlines Inc.",3,3,14649,5006,19655,17152,
2020,9,20177,"PFQ","Asia Pacific","PFQ","Asia Pacific",1,1,75,1,76,76,
2020,9,21402,"PM","Prescott Support Company, Inc.","PM","Prescott Support Company, Inc.",1,4,19,25,44,32,
2020,9,20100,"PO","Polar Air Cargo Airways","PO","Polar Air Cargo Airways",3,3,231,0,231,231,
2020,9,19687,"QX","Horizon Air","QX","Horizon Air",2,2,3262,713,3975,3619,
2020,9,19998,"SI","Sierra Pacific Airlines","SI","Sierra Pacific Airlines",1,4,14,29,43,29,
2020,9,20422,"SY","Sun Country Airlines d/b/a MN Airlines","SY","Sun Country Airlines d/b/a MN Airlines",2,2,1491,141,1632,1562,
2020,9,20447,"U7","USA Jet Airlines Inc.","U7","USA Jet Airlines Inc.",2,2,374,0,374,374,
2020,9,19977,"UA","United Air Lines Inc.","UA","United Air Lines Inc.",3,3,70310,6911,77221,73766,
2020,9,20195,"WI","Sky Lease Cargo","WI","Sky Lease Cargo",2,2,288,51,339,314,
2020,9,19393,"WN","Southwest Airlines Co.","WN","Southwest Airlines Co.",3,3,56834,2194,59028,57931,
2020,9,20377,"X9","Omni Air International LLC","X9","Omni Air International LLC",2,2,1187,2,1189,1188,
2020,9,20207,"XP","XTRA Airways","XP","XTRA Airways",1,4,26,8,34,30,
2020,9,20378,"YV","Mesa Airlines Inc.","YV","Mesa Airlines Inc.",2,2,2920,13,2933,2927,
2020,9,20452,"YX","Republic Airline","YX","Republic Airline",3,3,5708,299,6007,5858,
